Number,Title,GivenName,Surname,EmailAddress,Birthday
1,Mr.,«ä¿o,Êe,SheSaiYing@armyspy.com,4/19/1934
2,Mr.,¹lµ{,¤¨,YinYongCheng@armyspy.com,12/1/1974
3,Mr.,²QµØ,Ã¹,LuoChuHua@cuvox.de,12/10/1953
4,Mrs.,©{§±,¸­,SheYuanYu@cuvox.de,1/12/1986
5,Mr.,Ík¦t,¿c,LuJieYu@armyspy.com,1/11/1968
6,Mr.,¬R§Ó,±ä,CaoYiZhi@gustr.com,3/19/1942
7,Mr.,¹t³Ç,±i,ZhangJingJie@cuvox.de,7/13/1932
8,Mr.,­N¶©,Áé,ZhongYinLong@einrot.com,4/16/1952
9,Mr.,¥à®¦,¹ù,LiaoChengEn@cuvox.de,11/1/1958
10,Mr.,¤Sºö,°K,YuanYouYi@einrot.com,6/29/1986
11,Mr.,©s¿Q,ª÷,JinMengXi@cuvox.de,2/18/1995
12,Mr.,¤_ºÕ,ÅU,GuXuZheng@fleckens.hu,10/25/1958
13,Ms.,«º§u,Áé,ZhongZiYin@gustr.com,8/31/1944
14,Ms.,ÀA½«,¸­,SheJinYu@einrot.com,2/29/1932
15,Mr.,©s­õ,¿à,LaiMengZhe@einrot.com,7/29/1975
16,Ms.,ÃL¦Ð,©s,MengBiHu@dayrep.com,10/4/1962
17,Mr.,¨Î¿o,³Á,MaiJiaYing@cuvox.de,11/23/1976
18,Ms.,ªY©É,ªô,QiuXinYi@fleckens.hu,6/6/1933
19,Ms.,ºÍ­Å,«À,YaoRuiQing@teleworm.us,9/5/1931
20,Mrs.,¨Ø»T,½±,JiangPeiRong@teleworm.us,3/4/1963
21,Mr.,Îô±[,§E,XuBingLun@armyspy.com,3/1/1934
22,Mr.,©É¿Ë,±d,KangYiXin@dayrep.com,8/9/1951
23,Mrs.,·¶®x,ÅU,GuYuTing@cuvox.de,9/7/1949
24,Ms.,¥©ªY,Á§,XieQiaoXin@dayrep.com,6/8/1956
25,Mr.,¶©¦ç,­J,HuLongYi@cuvox.de,5/6/1976
26,Ms.,©y§g,¥ô,RenYiJun@jourrapide.com,6/13/1995
27,Mr.,¹Å¼ü,¸­,SheJiaYing@cuvox.de,2/17/1989
28,Ms.,ºû«F,´^,PengYiTing@jourrapide.com,11/23/1993
29,Mrs.,©{´¹,§õ,LiYuanJing@rhyta.com,5/9/1940
30,Mr.,¶®¾Ð,Êe,SheYaYi@cuvox.de,4/21/1939
31,Mr.,Îô±[,§º,SongBingLun@gustr.com,3/16/1988
32,Mrs.,¬fèû,¬I,YiBoRui@fleckens.hu,2/13/1996
33,Mrs.,¶®ªÚ,¤Õ,KongYaFang@cuvox.de,12/4/1993
34,Mr.,ªv¥­,®],XunYiPing@armyspy.com,12/8/1984
35,Mr.,¨Î¿o,¸¯,GeJiaYing@rhyta.com,8/2/1933
36,Mrs.,¬Õ§¡,¾G,ZhengYingYun@armyspy.com,6/1/1933
37,Ms.,¨Ø©y,­J,HuPeiYi@jourrapide.com,12/29/1988
38,Ms.,°û´@,Áú,HanWanTing@fleckens.hu,10/3/1961
39,Mr.,¶®¾Ð,«¸,JiangYaYi@cuvox.de,12/22/1974
40,Mrs.,´f¶²,¸­,SheHuiWen@gustr.com,5/2/1963
41,Mrs.,´f¶²,ÅÇ,GongHuiWen@dayrep.com,7/15/1961
42,Mr.,°a»Ê,³¢,GuoJianMing@gustr.com,4/26/1975
43,Mr.,¥ß©Ó,§d,WuWeiZheng@einrot.com,2/25/1994
44,Mr.,ÄË°í,Êe,SheTengJian@einrot.com,12/7/1996
45,Mr.,©É¿Ë,¨·,GengYiXin@einrot.com,10/17/1941
46,Mr.,?©ú¹F,Ä¬,SuMingTi@fleckens.hu,1/28/1946
47,Mr.,´I«¶,¼B,FuFuKui@teleworm.us,7/6/1996
48,Mr.,¦éµØ,¶P,HeQianHua@superrito.com,6/29/1933
49,Mrs.,©{´¹,¥Ð,TianYuanJing@cuvox.de,12/17/1975
50,Ms.,¥©ªY,¨H,TanQiaoXin@superrito.com,4/9/1947
51,Mr.,²Q­s,³¢,GuoChuZhen@gustr.com,10/30/1975
52,Ms.,­§¶²,¹p,LeiYuWen@cuvox.de,9/11/1986
53,Mr.,®aÞ³,ªò,ShaoGuWei@cuvox.de,11/1/1959
54,Mr.,«T§»,¥ô,RenJunHong@cuvox.de,7/6/1960
55,Mrs.,¬ü¬Â,­J,HuMeiLing@cuvox.de,1/28/1987
56,Mr.,©¨¿Ä,¬q,DuanYueRong@einrot.com,5/3/1963
57,Dr.,©É§g,¤è,WangYiJun@gustr.com,5/17/1995
58,Mr.,«H§»,¤_,XuShenHong@armyspy.com,11/22/1984
59,Mr.,Þ³,¤ý,WangWei@fleckens.hu,3/10/1956
60,Mr.,¤d¼ü,¿c,LuQianYing@fleckens.hu,9/25/1963
61,Ms.,à±¯ø,ÀF,YanYuRu@jourrapide.com,1/20/1962
62,Mr.,«Û¥Á,¿½,XiaoYanMin@gustr.com,7/19/1956
63,Mrs.,¨°ªµ,§º,SongChenYue@dayrep.com,1/18/1942
64,Mr.,²»²`,¥Û,DanXiangShen@superrito.com,4/19/1984
65,Mr.,­P³ó,¤è,WangZhuiYao@jourrapide.com,2/27/1991
66,Mr.,°o,­Ù,NiYong@teleworm.us,1/25/1939
67,Mr.,¨Î¿o,Áú,HanJiaYing@superrito.com,7/17/1984
68,Mr.,±Ó´¼,²ø,ZhuangMinZhi@armyspy.com,6/3/1941
69,Ms.,«º§g,¼ï,PanZiJun@einrot.com,9/14/1984
70,Mr.,´Ñ¯ú,¤B,ZhengJiMing@armyspy.com,5/15/1977
71,Mr.,¤Sºö,³\,HuYouYi@teleworm.us,6/17/1959
72,Ms.,¾å§Í,¯³,QinXiaoTong@dayrep.com,5/8/1944
73,Mr.,®aºö,Á§,XieGuYi@gustr.com,10/27/1944
74,Mrs.,¨Î¼z,«À,YaoJiaHui@cuvox.de,2/14/1964
75,Ms.,¬ü¬Â,¤ò,MaoMeiLing@armyspy.com,7/8/1931
76,Ms.,²Q¬Â,³\,HuChuLing@gustr.com,7/28/1960
77,Mr.,¬f¦°,¼B,FuBoXu@gustr.com,4/1/1974
78,Mr.,²»²`,ÁÂ,XieXiangShen@einrot.com,5/1/1977
79,Mr.,¤å«Ò,²ø,ZhuangWenDi@superrito.com,5/25/1997
80,Mr.,©v¿«,¾G,ZhengZongHan@dayrep.com,2/14/1987
81,Mr.,¬ê¤Z,³Á,MaiYuFan@einrot.com,1/10/1934
82,Mr.,®a»Ê,´^,PengGuMing@rhyta.com,2/13/1932
83,Mr.,«T½å,³Å,FuJunXian@cuvox.de,7/3/1976
84,Mr.,¨Ê¾ì,°ª,GaoJingHua@rhyta.com,8/4/1976
85,Mr.,¤_ºÕ,ªL,LinXuZheng@teleworm.us,8/6/1978
86,Ms.,²Q®S,ªò,ShaoChuJuan@armyspy.com,5/31/1991
87,Ms.,¶®¼z,Ä¬,SuYaHui@superrito.com,2/19/1972
88,Mr.,¥à®¦,±Z,CuiChengEn@gustr.com,10/12/1987
89,Ms.,´@´@,³³,YaoTingTing@rhyta.com,9/10/1978
90,Mr.,³ó¼e,¥ô,RenYaoKuan@armyspy.com,4/18/1976
91,Mr.,«a¦t,½±,JiangGuanYu@cuvox.de,7/3/1980
92,Ms.,¤å§g,³¯,ZhenWenJun@teleworm.us,11/13/1943
93,Mrs.,?¼w¨Ì,¸¯,GeDeYi@dayrep.com,10/8/1952
94,Mrs.,´f¶²,Áé,ZhongHuiWen@dayrep.com,1/10/1944
95,Mr.,¬R§Ó,§f,LuYiZhi@armyspy.com,4/17/1933
96,Ms.,©É§D,Ä¬,SuYiLing@jourrapide.com,3/29/1937
97,Ms.,¸ÖÔÐ,¸³,ZhongShiJie@teleworm.us,8/1/1961
98,Mrs.,¾å§Í,±Z,CuiXiaoTong@teleworm.us,8/21/1950
99,Mr.,¶®¤å,±ä,CaoYaWen@fleckens.hu,5/21/1973
100,Ms.,¨Ø¬À,»¯,DiaoPeiShan@rhyta.com,11/25/1979
101,Mr.,°a»Ê,³\,HuJianMing@jourrapide.com,9/7/1941
102,Mrs.,¨Ì´@,ºµ,XiongYiTing@fleckens.hu,1/4/1943
103,Ms.,¨ÎªÚ,­S,FanJiaFang@armyspy.com,4/19/1945
104,Mr.,©¶ÀB,ªZ,WuXianYi@superrito.com,12/22/1953
105,Mr.,´Ñ¯ú,¸¯,GeJiMing@cuvox.de,2/21/1980
106,Ms.,¿¢¸©,¹Q,JuYingXuan@dayrep.com,11/5/1990
107,Mr.,©s­õ,»¯,DiaoMengZhe@einrot.com,5/3/1993
108,Mr.,­N¶©,¼ï,PanYinLong@cuvox.de,5/28/1995
109,Mr.,­õÞ³,¤è,WangZheWei@fleckens.hu,11/25/1984
110,Mrs.,­i§¡,¥ô,RenGongYun@jourrapide.com,9/8/1986
111,Mrs.,«º§u,¤û,NiuZiYin@jourrapide.com,7/8/1948
112,Mr.,²QµØ,¦¶,ShuChuHua@cuvox.de,1/21/1980
113,Mr.,µúµ¶,¼ï,PanYongNa@jourrapide.com,1/8/1936
114,Mrs.,¨Ì´@,¬x,HongYiTing@superrito.com,12/20/1930
115,Mr.,·Ôº_,½±,JiangYuRong@superrito.com,4/15/1948
116,Mrs.,Ú{´@,®L,JiaWanTing@dayrep.com,12/19/1938
117,Mr.,®a»Ê,¤û,NiuGuMing@armyspy.com,5/14/1951
118,Mrs.,¤l¸©,¤Õ,KongZiXuan@teleworm.us,11/5/1951
119,Mr.,²»²`,«¸,JiangXiangShen@einrot.com,12/13/1954
120,Ms.,¸Ö´@,¥v,ShiShiTing@teleworm.us,9/22/1931
121,Mr.,¬f¦°,­S,FanBoXu@cuvox.de,6/19/1975
122,Mr.,¹t³Ç,±ä,CaoJingJie@jourrapide.com,5/31/1947
123,Mrs.,ßN²[,¾G,ZhengXiaoHan@teleworm.us,5/13/1956
124,Mr.,°o,ÁÂ,XieYong@superrito.com,10/8/1982
125,Mrs.,¨Ø¬À,¹ù,LiaoPeiShan@cuvox.de,7/8/1993
126,Mrs.,¶®´@,¥Ð,TianYaTing@cuvox.de,3/23/1933
127,Mr.,«äÍ·,¤Õ,KongSaiWei@armyspy.com,6/30/1982
128,Ms.,¤_­Å,­Ù,NiXuQing@einrot.com,9/12/1939
129,Mrs.,©{§±,¥Õ,BoYuanYu@superrito.com,4/2/1979
130,Mr.,ÄË°í,¤ò,MaoTengJian@fleckens.hu,5/31/1974
131,Mrs.,¨°ªµ,¨H,TanChenYue@armyspy.com,7/4/1982
132,Mr.,©Ó¿«,¸ë,GuZhengHan@teleworm.us,6/27/1963
133,Mr.,©v¿«,±`,ChangZongHan@dayrep.com,5/13/1970
134,Mr.,¬L¦w,¥v,ShiZhaoAn@einrot.com,3/29/1950
135,Mr.,«\´´,§ù,DuShuFei@armyspy.com,9/29/1985
136,Mr.,©É¦w,¨H,TanYiAn@teleworm.us,8/8/1971
137,Mrs.,¶®µ®,§º,SongYaZhu@gustr.com,12/21/1953
138,Ms.,Þ³´@,§º,SongWeiTing@cuvox.de,5/31/1995
139,Mrs.,­§¶²,³¢,GuoYuWen@armyspy.com,8/12/1952
140,Mr.,¶©¦ç,¤B,ZhengLongYi@teleworm.us,7/17/1997
141,Mr.,©ÉÅï,ªô,QiuYiLin@fleckens.hu,6/2/1976
142,Mr.,¨Î¾ì,¸¯,GeJiaHua@gustr.com,7/26/1966
143,Mrs.,®Ê°ß,¸¯,GeJinWei@gustr.com,12/3/1938
144,Mr.,Á¨­Û,¾¤,LiWeiLun@rhyta.com,2/8/1962
145,Mr.,°ê¦w,ªô,QiuGuoAn@gustr.com,9/4/1951
146,Ms.,ÃL¦Ð,¥ô,RenBiHu@cuvox.de,2/9/1948
147,Ms.,´f¦p,¨H,TanHuiRu@cuvox.de,5/19/1943
148,Ms.,¨Ø©y,±ä,CaoPeiYi@armyspy.com,8/17/1963
149,Dr.,µÏ¤å,¬q,DuanShunWen@gustr.com,1/22/1968
150,Mr.,®a¥¿,¬q,DuanGuZheng@gustr.com,10/18/1989
151,Mr.,¨Î¾ì,¸ô,LuoJiaHua@rhyta.com,12/13/1946
152,Ms.,´f¦p,¿c,LuHuiRu@superrito.com,1/9/1985
153,Mrs.,«º§g,¤Õ,KongZiJun@superrito.com,1/13/1992
154,Mr.,Ík¦t,ªô,QiuJieYu@fleckens.hu,4/21/1987
155,Ms.,ÂE¹Å,ªZ,WuHongJia@jourrapide.com,2/12/1955
156,Ms.,¼z§g,¤ò,MaoHuiJun@rhyta.com,2/11/1963
157,Mrs.,¦w®x,ºµ,XiongAnTing@superrito.com,12/29/1935
158,Mr.,«Û¥Á,«¸,JiangYanMin@einrot.com,8/24/1958
159,Mrs.,¨Ø©y,¶P,HePeiYi@cuvox.de,10/4/1994
160,Mr.,¬L¦w,¹Q,JuZhaoAn@einrot.com,1/12/1950
161,Mr.,³ó¼e,·¨,YangYaoKuan@rhyta.com,7/1/1950
162,Ms.,­i§¡,Áú,HanGongYun@teleworm.us,8/12/1971
163,Ms.,¨Ì¬À,®L,JiaYiShan@teleworm.us,3/21/1932
164,Mr.,¹Å¼ü,¬q,DuanJiaYing@jourrapide.com,1/12/1963
165,Ms.,¨q­Å,°q,ShiXiuQing@armyspy.com,5/30/1963
166,Mr.,§B¿Î,Á§,XieBaYan@einrot.com,6/6/1963
167,Mr.,²»²`,ªZ,WuXiangShen@rhyta.com,5/29/1934
168,Ms.,²Q®S,´¿,ZengChuJuan@teleworm.us,3/2/1968
169,Mr.,¶T©÷,Áú,HanMaoChang@jourrapide.com,4/9/1982
170,Mr.,¬f¿«,¶P,HeBoHan@teleworm.us,7/24/1935
171,Mr.,ÄÖ»ö,©s,MengLingYi@gustr.com,8/23/1989
172,Mr.,­N¶©,¤ò,MaoYinLong@cuvox.de,8/30/1955
173,Ms.,ÀR©y,­S,FanJingYi@rhyta.com,10/4/1939
174,Ms.,©É§g,¾G,ZhengYiJun@gustr.com,12/18/1956
175,Mr.,«aÀM,«À,YaoGuanLin@dayrep.com,11/7/1939
176,Mr.,°ê¦w,¸U,WanGuoAn@teleworm.us,2/1/1993
177,Ms.,¨Î»T,¿à,LaiJiaRong@armyspy.com,2/10/1945
178,Mrs.,¾å§Í,¤Õ,KongXiaoTong@einrot.com,12/26/1959
179,Ms.,ñü´@,¦¶,ShuYanTing@armyspy.com,9/15/1949
180,Mr.,°¶§Ê,¶P,HeWeiTing@cuvox.de,6/21/1980
181,Mr.,¨|¼w,¼B,FuYoDe@gustr.com,1/19/1962
182,Ms.,¤l¬X,­J,HuZiRou@armyspy.com,3/22/1960
183,Mrs.,¸Ö²[,±ä,CaoShiHan@armyspy.com,8/24/1932
184,Mrs.,µHµX,¶P,HeBeiQi@gustr.com,10/5/1974
185,Ms.,¸ÖÔÐ,¸³,ZhongShiJie@dayrep.com,4/26/1969
186,Mrs.,¶®¶²,³¯,ZhenYaWen@superrito.com,3/23/1966
187,Mr.,Á¨­Û,³¯,ZhenWeiLun@einrot.com,6/5/1954
188,Mrs.,²Q®S,Ä¬,SuChuJuan@einrot.com,5/23/1968
189,Ms.,§µ·O,¼B,FuXiaoCi@dayrep.com,2/7/1997
190,Mr.,³ó¼e,«J,HouYaoKuan@dayrep.com,1/21/1943
191,Mr.,©É¦w,¸³,ZhongYiAn@einrot.com,3/21/1971
192,Mr.,ºû¦t,³°,LiuYiYu@dayrep.com,7/3/1964
193,Mrs.,?¼w¨Ì,ªL,LinDeYi@gustr.com,11/24/1993
194,Mr.,ªvªN,µ{,ChengYiJie@superrito.com,12/17/1987
195,Mr.,¤d¼ü,¬x,HongQianYing@fleckens.hu,6/18/1959
196,Mrs.,¾§¥É,­J,HuRuYu@fleckens.hu,9/18/1946
197,Ms.,?¼w¨Ì,¨H,TanDeYi@jourrapide.com,11/10/1983
198,Mr.,¬f¿«,¿ú,JianBoHan@fleckens.hu,10/25/1936
199,Mrs.,¶®µ®,¸ë,GuYaZhu@teleworm.us,5/20/1947
200,Mr.,®È¬P,¿à,LaiLuXing@dayrep.com,7/10/1989
201,Mr.,¬Õ§¶,²Å,FuYingZi@jourrapide.com,9/8/1950
202,Mr.,®a»Ê,Ä¬,SuGuMing@einrot.com,7/20/1987
203,Mr.,¨|¼w,±Z,CuiYoDe@rhyta.com,5/17/1978
204,Mrs.,¶®´f,­Ù,NiYaHui@rhyta.com,4/25/1936
205,Mrs.,¶®µ×,¬q,DuanYaJing@cuvox.de,6/16/1964
206,Mrs.,¨Ø§g,¨H,TanPeiJun@einrot.com,6/17/1983
207,Mr.,«aÀM,Ä¬,SuGuanLin@cuvox.de,4/4/1948
208,Mr.,­N¶©,­ð,TangYinLong@einrot.com,5/23/1956
209,Mrs.,¨ÎªÚ,°K,YuanJiaFang@teleworm.us,8/28/1994
210,Mr.,°¶¹a,¦¶,ShuWeiLing@dayrep.com,3/16/1964
211,Mr.,ÄÉ»ö,·¨,YangXingYi@gustr.com,7/18/1958
212,Mrs.,¬fèû,±`,ChangBoRui@teleworm.us,11/7/1982
213,Ms.,ñü¦¶,ÄY,YanYanShu@armyspy.com,12/27/1965
214,Mr.,·Ôº_,¤ý,WangYuRong@teleworm.us,11/6/1936
215,Mr.,®a»¨,¶¾,PingGuHao@gustr.com,9/18/1949
216,Mr.,«Ø§»,¯³,QinJianHong@dayrep.com,11/26/1965
217,Mrs.,¾å§Í,Ä¬,SuXiaoTong@teleworm.us,7/8/1936
218,Ms.,«í·O,¤¨,YinHengCi@jourrapide.com,12/13/1957
219,Mr.,Ã£¤§,¿½,XiaoXuanZhi@superrito.com,9/17/1983
220,Mr.,Îô±[,¸¯,GeBingLun@armyspy.com,1/18/1955
221,Mr.,¶T©÷,¼B,FuMaoChang@dayrep.com,1/13/1991
222,Mr.,¥@¤@,ÃQ,WeiShiYi@rhyta.com,6/27/1968
223,Mr.,²»°a,¥v,ShiXiangJian@rhyta.com,10/23/1972
224,Mr.,°¶¹a,§õ,LiWeiLing@teleworm.us,4/20/1933
225,Mr.,¬f¦°,­Ù,NiBoXu@armyspy.com,11/19/1992
226,Mr.,Ã£¤§,³°,LiuXuanZhi@einrot.com,5/28/1966
227,Dr.,©É§g,³\,HuYiJun@rhyta.com,8/23/1945
228,Mrs.,¶®¶²,ÀF,YanYaWen@superrito.com,10/10/1948
229,Mr.,µÏ¤å,§ù,DuShunWen@gustr.com,6/25/1968
230,Mr.,«a§Ê,²Å,FuGuanTing@dayrep.com,1/12/1972
231,Mr.,¹lµ{,²Å,FuYongCheng@dayrep.com,4/5/1936
232,Ms.,¶®µÓ,Ä¬,SuYaPing@dayrep.com,4/23/1995
233,Mr.,²»²`,³¯,ZhenXiangShen@cuvox.de,3/6/1990
234,Mr.,ºa½÷,ªò,ShaoRongHui@jourrapide.com,3/7/1975
235,Mrs.,©É¦p,¨·,GengYiRu@gustr.com,10/12/1963
236,Ms.,¨Ø¶²,¦¿,JiangPeiWen@jourrapide.com,8/21/1931
237,Mr.,·q³ó,°q,ShiJingYao@einrot.com,12/2/1933
238,Mr.,¬Õ§¶,¸ë,GuYingZi@jourrapide.com,2/3/1959
239,Mrs.,¨Î»T,³¯,ZhenJiaRong@gustr.com,3/27/1984
240,Mr.,©ÉÅï,¸­,SheYiLin@einrot.com,11/10/1969
241,Ms.,¤¦¬ý,®L,JiaDanYi@cuvox.de,8/4/1967
242,Ms.,ÃL¦Ð,±`,ChangBiHu@dayrep.com,7/14/1964
243,Mrs.,¨Ø§g,¤û,NiuPeiJun@jourrapide.com,5/6/1997
244,Mr.,©Ó®p,¿ú,JianZhengFeng@einrot.com,6/7/1954
245,Mr.,°ö¶v,¶À,HuangPouJun@armyspy.com,6/9/1931
246,Mr.,·R´P,ÁÂ,XieAiLan@gustr.com,2/3/1987
247,Ms.,¨°ªµ,­ð,TangChenYue@rhyta.com,10/3/1956
248,Mrs.,¦w®x,¾H,DengAnTing@armyspy.com,10/13/1981
249,Ms.,¬ü¬Â,¸­,SheMeiLing@rhyta.com,9/18/1969
250,Mr.,¨|¼w,³Å,FuYoDe@einrot.com,2/26/1974
251,Mr.,Þ³,«À,YaoWei@superrito.com,3/12/1977
252,Mr.,¤å«Ò,½²,CaWenDi@einrot.com,11/10/1935
253,Mrs.,²Q¯ø,²ø,ZhuangChuRu@superrito.com,1/8/1936
254,Mrs.,¤å§g,ªL,LinWenJun@cuvox.de,3/12/1964
255,Dr.,®¶µ¾,§E,XuZhenXiang@einrot.com,8/13/1966
256,Mr.,¬F°ê,ªZ,WuZhengGuo@superrito.com,7/8/1967
257,Mrs.,©{§±,¤B,ZhengYuanYu@fleckens.hu,10/4/1978
258,Ms.,·¶®x,¦¿,JiangYuTing@armyspy.com,8/23/1938
259,Mr.,±Ó´¼,¤ý,WangMinZhi@teleworm.us,2/14/1954
260,Mrs.,·ÅÄÉ,¾H,DengWenXing@einrot.com,10/6/1940
261,Ms.,¾§¥É,¤û,NiuRuYu@jourrapide.com,11/5/1974
262,Mr.,«ä¿o,¾G,ZhengSaiYing@rhyta.com,12/1/1988
263,Ms.,¤l¸©,¼ï,PanZiXuan@dayrep.com,2/4/1934
264,Ms.,?¼w¨Ì,ÀF,YanDeYi@fleckens.hu,4/20/1979
265,Mr.,±Ò·~,°¨,MaZheYe@jourrapide.com,4/10/1950
266,Ms.,¨Ø¬À,©P,ZhouPeiShan@armyspy.com,5/13/1941
267,Mrs.,ºÍ­Å,§E,XuRuiQing@superrito.com,10/31/1950
268,Mr.,¶®¤å,¦ó,HeYaWen@teleworm.us,8/26/1946
269,Mr.,²E¬R,ºµ,XiongZhunYi@dayrep.com,12/28/1942
270,Mrs.,ñü´@,±Z,CuiYanTing@jourrapide.com,5/26/1959
271,Mrs.,Þ³´@,ÄY,YanWeiTing@dayrep.com,1/20/1966
272,Mrs.,¶®µX,ªL,LinYaQi@armyspy.com,11/4/1951
273,Ms.,°û´@,¶P,HeWanTing@cuvox.de,9/22/1974
274,Ms.,¤ß©É,¤¨,YinXinYi@dayrep.com,7/31/1973
275,Ms.,¼z§g,°¨,MaHuiJun@dayrep.com,4/11/1933
276,Mr.,©¶ÀB,¸U,WanXianYi@einrot.com,1/20/1967
277,Ms.,¶®µ®,±ä,CaoYaZhu@cuvox.de,4/8/1979
278,Mr.,¥O¨Ô,°q,ShiLingKan@fleckens.hu,5/26/1975
279,Dr.,­N¶©,ªô,QiuYinLong@armyspy.com,9/5/1951
280,Ms.,°û´@,¥v,ShiWanTing@einrot.com,6/3/1937
281,Mr.,´I«¶,¤è,WangFuKui@cuvox.de,8/9/1951
282,Mr.,²â,¥Ð,TianLing@cuvox.de,6/15/1981
283,Mrs.,à±¯ø,¸­,SheYuRu@cuvox.de,3/8/1988
284,Mr.,©¨¿Ä,Ä¬,SuYueRong@cuvox.de,6/25/1959
285,Mrs.,¿¢¸©,¹ù,LiaoYingXuan@superrito.com,5/22/1967
286,Mrs.,¶®´f,­J,HuYaHui@superrito.com,9/27/1979
287,Mr.,²â,±`,ChangLing@superrito.com,2/4/1946
288,Mr.,§Ó§»,­³,HuiZhiHong@superrito.com,12/10/1961
289,Ms.,¸Ö´@,­S,FanShiTing@dayrep.com,3/22/1978
290,Mr.,­Y¤Z,°q,ShiReFan@gustr.com,12/23/1980
291,Mr.,¥ßÐp,Ä¬,SuWeiBo@rhyta.com,2/8/1975
292,Mr.,²â,§f,LuLing@jourrapide.com,12/22/1941
293,Mrs.,®ÑÜö,ÃÓ,TanShuMei@rhyta.com,3/13/1938
294,Mrs.,¶®¶²,¸­,SheYaWen@gustr.com,4/12/1967
295,Ms.,Þ³´@,¤ý,WangWeiTing@cuvox.de,3/13/1943
296,Ms.,ßN²[,­S,FanXiaoHan@armyspy.com,9/22/1962
297,Ms.,¬M±ö,©P,ZhouYingMei@gustr.com,1/21/1968
298,Ms.,¨Ø©y,¥v,ShiPeiYi@fleckens.hu,2/4/1931
299,Mr.,­Y¤Z,¨L,HongReFan@gustr.com,11/22/1947
300,Mr.,³ó¼e,¿c,LuYaoKuan@rhyta.com,12/28/1996
301,Mrs.,¯\Þ±,§f,LuPeiXuan@jourrapide.com,12/22/1975
302,Ms.,Ú{´@,¨L,HongWanTing@superrito.com,1/10/1971
303,Ms.,²Ð¸©,¤Õ,KongChaoXuan@teleworm.us,4/17/1971
304,Mr.,©ÉÅï,Áú,HanYiLin@fleckens.hu,7/20/1973
305,Mr.,©É¦|,¸ô,LuoYiFan@gustr.com,6/2/1957
306,Mr.,¤¯´I,¤B,ZhengRenFu@jourrapide.com,5/9/1983
307,Mrs.,®ÑÜö,¿c,LuShuMei@einrot.com,11/24/1994
308,Mrs.,»¨è®,ªL,LinHaoPei@fleckens.hu,8/3/1983
309,Ms.,Þ³´@,Ä¬,SuWeiTing@teleworm.us,2/15/1951
310,Mr.,·Ôº_,³¢,GuoYuRong@gustr.com,3/24/1983
311,Mrs.,¥©ªY,±i,ZhangQiaoXin@jourrapide.com,3/22/1937
312,Mrs.,·¶®x,¦¿,JiangYuTing@armyspy.com,4/30/1960
313,Mr.,¥@¤@,¥v,ShiShiYi@superrito.com,12/5/1936
314,Mr.,´Ñ¯ú,¾G,ZhengJiMing@superrito.com,7/7/1981
315,Mr.,¤lµq,ÅÇ,GongZiHui@einrot.com,6/13/1984
316,Dr.,ºû«F,±ä,CaoYiTing@cuvox.de,3/17/1986
317,Mrs.,¬ü¬Â,ªò,ShaoMeiLing@jourrapide.com,12/11/1953
318,Mr.,°ê¦w,µ{,ChengGuoAn@rhyta.com,6/18/1942
319,Ms.,²Q¼z,¹ù,LiaoChuHui@armyspy.com,2/18/1994
320,Mr.,±Ò§Ç,¶P,HeZheXu@armyspy.com,10/24/1972
321,Mr.,¥O¨Ô,¸ô,LuoLingKan@jourrapide.com,3/10/1973
322,Mr.,¥@¤@,Á§,XieShiYi@fleckens.hu,4/14/1992
323,Ms.,¨Ø¶²,¬q,DuanPeiWen@teleworm.us,7/18/1954
324,Mr.,«T§»,±ç,LiangJunHong@gustr.com,2/3/1949
325,Ms.,¶®µX,°q,ShiYaQi@jourrapide.com,5/11/1944
326,Mr.,ÄË°í,¾G,ZhengTengJian@gustr.com,1/20/1954
327,Mrs.,«º§g,ªò,ShaoZiJun@cuvox.de,6/2/1983
328,Mr.,¨Î¿o,§º,SongJiaYing@jourrapide.com,11/23/1993
329,Mrs.,»¨è®,¹ù,LiaoHaoPei@armyspy.com,10/21/1990
330,Ms.,¤å§g,³°,LiuWenJun@einrot.com,2/29/1968
331,Mr.,·q³ó,ªL,LinJingYao@cuvox.de,1/18/1955
332,Ms.,¨°ªµ,²ø,ZhuangChenYue@dayrep.com,8/21/1958
333,Ms.,¨|¬î,¥Ð,TianYoQiu@cuvox.de,6/12/1931
334,Mr.,§Ó°¶,Êe,SheZhiWei@fleckens.hu,3/26/1964
335,Mr.,«Ø°ê,±ä,CaoJianGuo@einrot.com,11/3/1958
336,Ms.,¤¦¬ý,¯³,QinDanYi@gustr.com,12/28/1944
337,Mrs.,¸Ö²[,ÃQ,WeiShiHan@fleckens.hu,7/3/1949
338,Mr.,¹t³Ç,³°,LiuJingJie@dayrep.com,4/6/1949
339,Mr.,®a»¨,­S,FanGuHao@rhyta.com,2/16/1959
340,Ms.,¸Ö´@,°¨,MaShiTing@fleckens.hu,7/5/1971
341,Ms.,ºû«F,ÀF,YanYiTing@fleckens.hu,8/27/1969
342,Mr.,¨|¼w,¤û,NiuYoDe@jourrapide.com,1/6/1997
343,Mr.,«Û§Ê,§E,XuYanTing@gustr.com,7/9/1997
344,Ms.,®Ê°ß,¤_,XuJinWei@dayrep.com,8/4/1975
345,Mrs.,¨Î¼z,Á§,XieJiaHui@dayrep.com,8/20/1979
346,Mr.,­Y¤Z,¥Û,DanReFan@teleworm.us,1/18/1997
347,Mr.,Á¨­Û,ªZ,WuWeiLun@armyspy.com,3/15/1943
348,Mr.,¶®¾Ð,­S,FanYaYi@rhyta.com,12/10/1950
349,Mr.,«a¦t,¶¾,PingGuanYu@jourrapide.com,6/14/1963
350,Mr.,¶®¤å,©s,MengYaWen@gustr.com,2/5/1980
351,Mr.,©Ó¿«,­ð,TangZhengHan@fleckens.hu,4/4/1975
352,Dr.,µÏ¤å,­ð,TangShunWen@jourrapide.com,4/30/1932
353,Mrs.,«º§g,¯³,QinZiJun@gustr.com,12/18/1986
354,Mr.,«º¼ü,¥ô,RenZiYing@superrito.com,7/25/1987
355,Mr.,ÞL»ö,­³,HuiQinYi@rhyta.com,12/9/1964
356,Mrs.,à±´@,§ù,DuYuTing@fleckens.hu,12/27/1957
357,Mrs.,©{§±,¾H,DengYuanYu@superrito.com,4/8/1961
358,Mr.,«\´´,Áú,HanShuFei@fleckens.hu,4/23/1971
359,Ms.,©É¸©,ÁÂ,XieYiXuan@rhyta.com,8/31/1971
360,Mrs.,¸Ö´@,Ã¹,LuoShiTing@rhyta.com,7/1/1993
361,Mr.,ºû¦t,Á§,XieYiYu@fleckens.hu,4/13/1942
362,Ms.,¬ü¬Â,¯³,QinMeiLing@jourrapide.com,9/29/1954
363,Mr.,¤_ºÕ,°¨,MaXuZheng@teleworm.us,5/1/1954
364,Mr.,­õ´­,°ª,GaoZheYang@cuvox.de,1/19/1942
365,Mr.,¿o¦w,Ä¬,SuYingAn@einrot.com,11/16/1958
366,Mr.,©¨¿Ä,»¯,DiaoYueRong@teleworm.us,2/4/1981
367,Mr.,²QµØ,¶¾,PingChuHua@armyspy.com,8/12/1990
368,Mr.,¥K¹F,µ{,ChengShiTi@superrito.com,1/11/1957
369,Mr.,®p,±d,KangFeng@rhyta.com,2/2/1983
370,Mr.,«T³Ç,¸ë,GuJunJie@rhyta.com,11/7/1961
371,Mr.,°o,ÃQ,WeiYong@gustr.com,9/26/1933
372,Ms.,­§¶²,ÃÓ,TanYuWen@armyspy.com,12/4/1959
373,Mr.,­N¶©,¤B,ZhengYinLong@dayrep.com,9/21/1981
374,Mrs.,ÀR©y,¾G,ZhengJingYi@teleworm.us,8/11/1941
375,Ms.,ÜöµM,Áé,ZhongMeiRan@gustr.com,8/6/1953
376,Mr.,¶®¾Ð,³³,YaoYaYi@cuvox.de,5/8/1946
377,Mr.,°ê¦w,³°,LiuGuoAn@dayrep.com,10/9/1932
378,Mrs.,¶®¸©,¥v,ShiYaXuan@superrito.com,4/11/1985
379,Mrs.,´f¦p,´¿,ZengHuiRu@fleckens.hu,4/1/1933
380,Ms.,¶®ªÚ,¤Õ,KongYaFang@einrot.com,8/30/1937
381,Mr.,©¾°O,Ã¹,LuoZhongJi@fleckens.hu,11/30/1983
382,Mrs.,¤¤Á¨,©P,ZhouZhongWei@cuvox.de,11/6/1971
383,Ms.,¸Ö²[,¬x,HongShiHan@gustr.com,3/1/1953
384,Ms.,«º§u,®],XunZiYin@teleworm.us,1/4/1935
385,Mr.,¶®¤å,¤B,ZhengYaWen@cuvox.de,11/26/1955
386,Dr.,ñü´@,¸ë,GuYanTing@rhyta.com,6/15/1952
387,Ms.,¸ÖÔÐ,ÃÓ,TanShiJie@teleworm.us,12/8/1984
388,Ms.,¤l¬X,­Ù,NiZiRou@teleworm.us,10/3/1957
389,Ms.,©{»T,¦¿,JiangYuanRong@fleckens.hu,12/28/1940
390,Mrs.,¤ß©É,©s,MengXinYi@gustr.com,7/1/1946
391,Mr.,«Â§Ê,³Å,FuWeiTing@einrot.com,2/11/1994
392,Mr.,ÄË°í,¸U,WanTengJian@fleckens.hu,11/28/1978
393,Mr.,ÞL»ö,À¹,DaiQinYi@jourrapide.com,11/11/1951
394,Ms.,ñü´@,®},XuYanTing@fleckens.hu,4/30/1951
395,Mrs.,¨Ø©y,¥v,ShiPeiYi@cuvox.de,12/26/1949
396,Mrs.,¤¤Á¨,¥Ð,TianZhongWei@jourrapide.com,7/15/1935
397,Mr.,²â,¥Ð,TianLing@jourrapide.com,10/21/1959
398,Ms.,®aÓ},¸U,WanGuXi@superrito.com,1/4/1964
399,Mr.,ªv¥­,«J,HouYiPing@dayrep.com,2/28/1996
400,Ms.,¯\Þ±,§E,XuPeiXuan@cuvox.de,4/4/1977
401,Mrs.,²Q¼z,µ{,ChengChuHui@jourrapide.com,6/28/1980
402,Mr.,Ë¡¾ç,¨·,GengQianYe@gustr.com,8/9/1938
403,Mrs.,©É§D,¥Õ,BoYiLing@einrot.com,3/7/1975
404,Ms.,¬Õ§¡,³Á,MaiYingYun@armyspy.com,8/2/1995
405,Mr.,Îô±[,¿c,LuBingLun@teleworm.us,2/26/1975
406,Ms.,¶®µ×,¸³,ZhongYaJing@rhyta.com,12/28/1988
407,Mr.,¹lµ{,§E,XuYongCheng@jourrapide.com,3/24/1993
408,Mrs.,¨Ø§g,¤_,XuPeiJun@rhyta.com,6/3/1940
409,Mr.,­P³ó,Ã¹,LuoZhuiYao@jourrapide.com,8/1/1932
410,Ms.,¶®µ®,³\,HuYaZhu@einrot.com,6/6/1983
411,Mr.,®aºö,¸³,ZhongGuYi@gustr.com,2/18/1932
412,Mrs.,?¼w¨Ì,ºµ,XiongDeYi@gustr.com,1/26/1946
413,Ms.,¨°ªµ,§ù,DuChenYue@dayrep.com,4/28/1957
414,Mr.,§Ó°¶,°¨,MaZhiWei@gustr.com,12/7/1971
415,Mrs.,¶®µ®,±d,KangYaZhu@armyspy.com,7/12/1960
416,Ms.,¾§¥É,¨L,HongRuYu@fleckens.hu,4/19/1952
417,Mr.,¶®¤å,ÅÇ,GongYaWen@dayrep.com,10/27/1975
418,Ms.,¨|¬î,¤ò,MaoYoQiu@rhyta.com,6/28/1981
419,Mr.,§Ó§Ê,«J,HouZhiTing@teleworm.us,8/28/1963
420,Mr.,­õÞ³,³¯,ZhenZheWei@superrito.com,10/27/1987
421,Mr.,«a¦t,ªL,LinGuanYu@armyspy.com,2/18/1977
422,Ms.,¶®¶²,±d,KangYaWen@rhyta.com,7/1/1939
423,Ms.,©y§g,©s,MengYiJun@dayrep.com,4/23/1940
424,Mr.,¥ß©Ó,¸­,SheWeiZheng@gustr.com,3/7/1940
425,Mr.,§Ó§»,²ø,ZhuangZhiHong@cuvox.de,11/5/1953
426,Mrs.,Ðw§t,ÁÂ,XieSiHan@dayrep.com,9/18/1960
427,Ms.,®aÓ},¼B,FuGuXi@gustr.com,9/18/1970
428,Ms.,¨Î»T,§º,SongJiaRong@dayrep.com,5/30/1961
429,Mr.,®aºö,Áú,HanGuYi@teleworm.us,10/30/1975
430,Mr.,²Q­s,¯³,QinChuZhen@teleworm.us,11/24/1961
431,Mr.,¹lµ{,½²,CaYongCheng@teleworm.us,8/6/1985
432,Mr.,«aÀM,©P,ZhouGuanLin@armyspy.com,7/24/1935
433,Ms.,Ðw§t,¶P,HeSiHan@rhyta.com,12/29/1980
434,Mr.,­P³ó,¸ô,LuoZhuiYao@rhyta.com,1/14/1965
435,Mr.,¹t³Ç,»¯,DiaoJingJie@dayrep.com,1/19/1979
436,Mrs.,¨Ø¬À,¹ù,LiaoPeiShan@cuvox.de,12/12/1955
437,Ms.,¨ÎªÚ,±Z,CuiJiaFang@teleworm.us,8/14/1954
438,Mr.,¨Î¿o,®],XunJiaYing@armyspy.com,11/10/1988
439,Mr.,®p,³°,LiuFeng@teleworm.us,2/5/1990
440,Dr.,²Qªâ,¯³,QinChuFen@rhyta.com,8/12/1942
441,Mr.,´I«¶,¦ó,HeFuKui@einrot.com,10/2/1939
442,Mr.,§Ó°¶,¦ó,HeZhiWei@armyspy.com,12/31/1992
443,Mr.,¥K¹F,¸­,SheShiTi@armyspy.com,3/18/1986
444,Ms.,©{§±,°ª,GaoYuanYu@dayrep.com,6/25/1970
445,Mr.,ÞL»ö,§f,LuQinYi@einrot.com,1/31/1955
446,Mrs.,©y§g,¨·,GengYiJun@rhyta.com,1/14/1937
447,Mrs.,¨°ªµ,ªZ,WuChenYue@dayrep.com,5/4/1936
448,Mr.,©¶ÀB,®},XuXianYi@cuvox.de,1/7/1974
449,Mr.,¬f¦°,²ø,ZhuangBoXu@cuvox.de,4/6/1987
450,Ms.,Ú{´@,¨L,HongWanTing@einrot.com,6/15/1943
451,Mrs.,­§¶²,°K,YuanYuWen@dayrep.com,10/25/1994
452,Mr.,«a¦t,Á§,XieGuanYu@fleckens.hu,1/23/1970
453,Ms.,©y®x,¨L,HongYiTing@cuvox.de,8/15/1992
454,Mrs.,«í·O,¸U,WanHengCi@teleworm.us,6/14/1957
455,Mr.,ÞL»ö,¹Q,JuQinYi@rhyta.com,1/19/1942
456,Mrs.,¨Ø§g,­ð,TangPeiJun@cuvox.de,10/7/1931
457,Ms.,¨Ì¬À,¤û,NiuYiShan@teleworm.us,11/15/1975
458,Ms.,´f¶²,¦ó,HeHuiWen@einrot.com,5/13/1945
459,Ms.,ÜöµM,¶À,HuangMeiRan@dayrep.com,8/17/1935
460,Mrs.,«º§g,¾G,ZhengZiJun@rhyta.com,7/27/1971
461,Mr.,ÄË°í,®},XuTengJian@jourrapide.com,5/8/1949
462,Mrs.,­i§¡,¤_,XuGongYun@einrot.com,3/21/1952
463,Mr.,©¨¿Ä,ª÷,JinYueRong@rhyta.com,12/7/1938
464,Ms.,¨Ø»T,±`,ChangPeiRong@cuvox.de,3/26/1994
465,Ms.,©{§±,³°,LiuYuanYu@cuvox.de,5/6/1984
466,Ms.,¸ÖÔÐ,¬x,HongShiJie@armyspy.com,4/12/1974
467,Mrs.,Ðw§t,®L,JiaSiHan@fleckens.hu,4/22/1989
468,Mrs.,®Ê°ß,¸¯,GeJinWei@gustr.com,5/23/1963
469,Mr.,²»°a,¥Ð,TianXiangJian@gustr.com,2/10/1963
470,Mr.,¶®¾Ð,¶P,HeYaYi@fleckens.hu,2/24/1951
471,Mr.,®a¥¿,¤è,WangGuZheng@dayrep.com,5/8/1974
472,Ms.,¬M±ö,¦¿,JiangYingMei@armyspy.com,5/21/1960
473,Ms.,©{»T,ÃÓ,TanYuanRong@superrito.com,1/18/1937
474,Mr.,²â,½±,JiangLing@jourrapide.com,12/5/1994
475,Mrs.,ªY©É,«¸,JiangXinYi@gustr.com,1/28/1933
476,Mrs.,ºÍ­Å,±d,KangRuiQing@teleworm.us,5/22/1965
477,Mr.,©ÉÅï,¶¾,PingYiLin@cuvox.de,5/22/1971
478,Ms.,ºû«F,ªL,LinYiTing@fleckens.hu,6/8/1946
479,Mrs.,«í·O,¾H,DengHengCi@einrot.com,12/19/1968
480,Mr.,ÄÖ»ö,³¯,ZhenLingYi@gustr.com,12/1/1965
481,Mrs.,©É§g,¿½,XiaoYiJun@dayrep.com,8/3/1972
482,Mr.,°ö¶v,¶¾,PingPouJun@einrot.com,12/16/1983
483,Ms.,¨Ø§g,«À,YaoPeiJun@dayrep.com,6/29/1931
484,Ms.,ºÍ­Å,±d,KangRuiQing@dayrep.com,4/27/1992
485,Mr.,¬Õ§¶,ÅÇ,GongYingZi@dayrep.com,7/30/1954
486,Mr.,«Â§Ê,§f,LuWeiTing@jourrapide.com,12/16/1995
487,Dr.,¶®²[,Ã¹,LuoYaHan@teleworm.us,11/18/1956
488,Mr.,©É¦|,´¿,ZengYiFan@cuvox.de,4/5/1976
489,Dr.,«º¼ü,³\,HuZiYing@fleckens.hu,9/11/1954
490,Mr.,Þ³,Êe,SheWei@armyspy.com,3/25/1946
491,Mrs.,Þ³´@,³°,LiuWeiTing@cuvox.de,9/4/1995
492,Mr.,§Ó»¨,°q,ShiZhiHao@gustr.com,9/18/1932
493,Mr.,«Ø§»,©s,MengJianHong@rhyta.com,4/28/1937
494,Mrs.,¤å§g,¤ý,WangWenJun@teleworm.us,3/26/1970
495,Mr.,§B¿Î,Á§,XieBaYan@cuvox.de,8/29/1968
496,Mr.,³ó¼e,¤ò,MaoYaoKuan@rhyta.com,7/10/1968
497,Ms.,»¨è®,¤ò,MaoHaoPei@teleworm.us,6/17/1942
498,Mr.,²QµØ,¾H,DengChuHua@fleckens.hu,8/20/1988
499,Mr.,Á¨­Û,À¹,DaiWeiLun@gustr.com,6/27/1966
500,Mr.,°¶¹a,¬x,HongWeiLing@gustr.com,10/28/1942
501,Mrs.,­i§¡,¿ú,JianGongYun@fleckens.hu,10/30/1992
502,Ms.,¤ß©É,¨L,HongXinYi@rhyta.com,7/25/1975
503,Mrs.,ÂE¹Å,¦¶,ShuHongJia@einrot.com,5/6/1991
504,Ms.,¨Ø§g,¤û,NiuPeiJun@superrito.com,3/22/1957
505,Ms.,¨Ì´@,½²,CaYiTing@einrot.com,3/31/1972
506,Mrs.,¬fèû,¥Õ,BoBoRui@jourrapide.com,3/25/1936
507,Mrs.,¤l¸©,¨L,HongZiXuan@dayrep.com,5/31/1942
508,Ms.,»¨è®,ª÷,JinHaoPei@cuvox.de,3/11/1950
509,Ms.,¨Î¬Â,§ù,DuJiaLing@dayrep.com,1/29/1959
510,Mrs.,¶®µ×,­ð,TangYaJing@gustr.com,6/26/1997
511,Ms.,©É§D,¹ù,LiaoYiLing@gustr.com,5/7/1974
512,Ms.,²Q¬Â,­³,HuiChuLing@rhyta.com,9/12/1965
513,Mrs.,´f´@,ªL,LinHuiTing@gustr.com,8/8/1966
514,Mr.,¤lµq,¤è,WangZiHui@teleworm.us,4/15/1976
515,Ms.,¶®´f,¤ò,MaoYaHui@teleworm.us,8/5/1945
516,Mr.,±s»ú,§E,XuYaNong@fleckens.hu,6/15/1964
517,Mr.,­P³ó,°K,YuanZhuiYao@fleckens.hu,8/2/1953
518,Mr.,³ó¼e,§f,LuYaoKuan@rhyta.com,12/1/1936
519,Dr.,?©ú¹F,Ã¹,LuoMingTi@jourrapide.com,5/24/1956
520,Ms.,¨Î»T,®L,JiaJiaRong@superrito.com,9/10/1947
521,Ms.,¦ã¦Ë,§õ,LiYiZhu@dayrep.com,10/16/1962
522,Mr.,´I«¶,´¿,ZengFuKui@rhyta.com,9/4/1968
523,Dr.,«Â¥ô,§E,XuWeiRen@einrot.com,3/28/1993
524,Mr.,«aÀM,³¯,ZhenGuanLin@einrot.com,12/24/1979
525,Mrs.,¥O©y,¹ù,LiaoLingYi@gustr.com,8/31/1949
526,Mr.,¶T©÷,§º,SongMaoChang@fleckens.hu,3/2/1960
527,Mr.,©¾°O,¸­,SheZhongJi@dayrep.com,3/29/1974
528,Mrs.,¿¢¸©,±ç,LiangYingXuan@gustr.com,10/19/1961
529,Mrs.,ßN²[,¬q,DuanXiaoHan@dayrep.com,7/2/1943
530,Ms.,¨|¹Å,¥Û,DanYoJia@jourrapide.com,5/8/1993
531,Mr.,©É¦w,°¨,MaYiAn@superrito.com,6/24/1995
532,Mr.,©v¿«,¥Õ,BoZongHan@rhyta.com,6/24/1942
533,Mr.,Á¨­Û,¯³,QinWeiLun@superrito.com,9/29/1975
534,Mr.,®xºÓ,©s,MengTingShi@teleworm.us,11/25/1955
535,Dr.,¥ßÐp,ºµ,XiongWeiBo@armyspy.com,9/24/1994
536,Ms.,¯\Þ±,¼ï,PanPeiXuan@superrito.com,9/14/1972
537,Ms.,®ÑÜö,¸ô,LuoShuMei@teleworm.us,10/25/1962
538,Ms.,Ðw§t,ªZ,WuSiHan@armyspy.com,12/1/1942
539,Ms.,¬M±ö,«À,YaoYingMei@teleworm.us,10/6/1992
540,Mr.,©v¿«,§ù,DuZongHan@armyspy.com,7/10/1959
541,Mr.,¬L¦w,­S,FanZhaoAn@cuvox.de,2/25/1976
542,Mrs.,²Q¼z,ÅÇ,GongChuHui@dayrep.com,10/5/1993
543,Ms.,©{»T,¬q,DuanYuanRong@jourrapide.com,5/20/1941
544,Ms.,¦w®x,°q,ShiAnTing@einrot.com,6/5/1981
545,Mr.,¤lµq,¶À,HuangZiHui@teleworm.us,7/29/1996
546,Mr.,«T§»,Às,MangJunHong@armyspy.com,4/27/1987
547,Mr.,®a»Ê,¤_,XuGuMing@gustr.com,9/17/1953
548,Mr.,ÄÉ»ö,¤¨,YinXingYi@dayrep.com,11/26/1932
549,Mr.,´Ñ¯ú,¬x,HongJiMing@gustr.com,12/7/1996
550,Mr.,´Ñ¯ú,¿c,LuJiMing@dayrep.com,7/10/1995
551,Ms.,©y§g,®L,JiaYiJun@gustr.com,1/31/1979
552,Mr.,¤¯´I,±Z,CuiRenFu@rhyta.com,9/8/1958
553,Ms.,à±¯ø,¤¨,YinYuRu@rhyta.com,11/9/1930
554,Mrs.,·ÅÄÉ,´¿,ZengWenXing@einrot.com,11/15/1982
555,Mrs.,²Q¬Â,¾¤,LiChuLing@teleworm.us,8/25/1939
556,Mr.,±á®Ñ,Á§,XieChenShu@einrot.com,2/7/1931
557,Dr.,®Ê°ß,¸U,WanJinWei@gustr.com,1/31/1931
558,Mr.,¨Î¾ì,±d,KangJiaHua@superrito.com,8/25/1990
559,Dr.,¬F§»,À¹,DaiZhengHong@rhyta.com,7/1/1946
560,Mrs.,·ÅÄÉ,ÅÇ,GongWenXing@einrot.com,12/1/1949
561,Mr.,²â,¤Õ,KongLing@einrot.com,11/1/1969
562,Mr.,«a§Ê,®],XunGuanTing@teleworm.us,4/16/1986
563,Mrs.,¶®ªÚ,§õ,LiYaFang@superrito.com,4/1/1980
564,Ms.,¶®¸©,¸ë,GuYaXuan@einrot.com,9/10/1932
565,Mr.,¦Ð°a,±d,KangHuJian@cuvox.de,9/6/1983
566,Mr.,«Â¥ô,¶¾,PingWeiRen@fleckens.hu,1/19/1984
567,Mrs.,¨Ø§g,¹p,LeiPeiJun@einrot.com,6/24/1995
568,Mrs.,Ðw§t,¤_,XuSiHan@superrito.com,11/25/1960
569,Mrs.,ñü´@,°ª,GaoYanTing@einrot.com,3/16/1948
570,Ms.,«º§u,¯³,QinZiYin@teleworm.us,5/12/1932
571,Mrs.,¨ÎªÚ,°q,ShiJiaFang@superrito.com,3/11/1934
572,Mr.,«Û¿O,­J,HuYanDeng@gustr.com,7/6/1966
573,Mrs.,¤_­Å,ÅÇ,GongXuQing@cuvox.de,3/7/1976
574,Mr.,Þ³¤å,¿c,LuWei@superrito.com,5/2/1943
575,Mr.,²â,©s,MengLing@teleworm.us,4/27/1948
576,Mr.,«Ø°ê,±ç,LiangJianGuo@fleckens.hu,6/10/1995
577,Ms.,¸Ö²[,§õ,LiShiHan@armyspy.com,10/12/1955
578,Ms.,²Q´f,ÅÇ,GongChuHui@teleworm.us,2/3/1940
579,Ms.,¶®¼z,ÄY,YanYaHui@cuvox.de,8/16/1984
580,Mrs.,¬ü¬Â,¾¤,LiMeiLing@fleckens.hu,5/18/1932
581,Mr.,²Q­s,«À,YaoChuZhen@superrito.com,6/14/1988
582,Ms.,¨ÎªÚ,ªL,LinJiaFang@einrot.com,3/5/1957
583,Ms.,ªY©É,»¯,DiaoXinYi@cuvox.de,3/12/1968
584,Mr.,©É¦w,¦¿,JiangYiAn@fleckens.hu,9/16/1964
585,Dr.,±á®Ñ,¬x,HongChenShu@fleckens.hu,10/2/1950
586,Mrs.,®aÓ},¬x,HongGuXi@gustr.com,7/24/1946
587,Mr.,­õÞ³,©P,ZhouZheWei@fleckens.hu,8/4/1979
588,Mr.,©s­õ,¥v,ShiMengZhe@fleckens.hu,10/16/1942
589,Mrs.,²Q®S,®L,JiaChuJuan@armyspy.com,9/6/1988
590,Mr.,²E¬R,´¿,ZengZhunYi@cuvox.de,8/20/1933
591,Mr.,«Û¿O,ª÷,JinYanDeng@dayrep.com,10/13/1943
592,Mrs.,¶®ªÚ,¹ù,LiaoYaFang@cuvox.de,10/27/1995
593,Mr.,«Â¥ô,¬I,YiWeiRen@dayrep.com,7/12/1992
594,Mr.,µúµ¶,´^,PengYongNa@einrot.com,3/15/1991
595,Mr.,«T§»,¤¨,YinJunHong@teleworm.us,5/29/1932
596,Ms.,¨Ø»T,´¿,ZengPeiRong@gustr.com,7/23/1964
597,Ms.,«í·O,²ø,ZhuangHengCi@jourrapide.com,2/23/1981
598,Mrs.,¨Î»T,»¯,DiaoJiaRong@einrot.com,7/14/1971
599,Mr.,·Ôº_,¶À,HuangYuRong@cuvox.de,6/2/1977
600,Mr.,ÄÖ»ö,¥v,ShiLingYi@gustr.com,3/15/1997
601,Mr.,­Y¤Z,­J,HuReFan@dayrep.com,5/29/1940
602,Ms.,®aÓ},ÄY,YanGuXi@jourrapide.com,6/9/1939
603,Mrs.,²Q¬Â,¾H,DengChuLing@dayrep.com,12/16/1991
604,Mrs.,«º§g,³¢,GuoZiJun@einrot.com,1/15/1976
605,Mr.,§Ó»¨,ºµ,XiongZhiHao@armyspy.com,12/2/1987
606,Ms.,§µ·O,´¿,ZengXiaoCi@fleckens.hu,5/10/1955
607,Dr.,ñü¦¶,¯³,QinYanShu@gustr.com,6/23/1979
608,Mr.,©s¿Q,¼ï,PanMengXi@fleckens.hu,2/21/1980
609,Mr.,«a§Ê,»¯,DiaoGuanTing@teleworm.us,2/2/1964
610,Ms.,¶®µX,¸­,SheYaQi@einrot.com,7/30/1959
611,Mr.,Á¨­Û,À¹,DaiWeiLun@fleckens.hu,6/12/1969
612,Dr.,¤d¼ü,¿c,LuQianYing@dayrep.com,10/17/1934
613,Mrs.,©y®x,Áú,HanYiTing@armyspy.com,4/6/1954
614,Ms.,ßN²[,¸ô,LuoXiaoHan@einrot.com,12/9/1994
615,Mr.,Á¨­Û,¥Ð,TianWeiLun@rhyta.com,12/15/1960
616,Mr.,­õÞ³,¹ù,LiaoZheWei@cuvox.de,10/23/1934
617,Mr.,¦Ð°a,¬I,YiHuJian@gustr.com,8/3/1972
618,Mr.,«äÍ·,¥Û,DanSaiWei@gustr.com,10/3/1946
619,Dr.,¸tµx,¤¨,YinShengYan@einrot.com,5/25/1931
620,Ms.,®Ê°ß,ºµ,XiongJinWei@armyspy.com,12/3/1945
621,Ms.,?¼w¨Ì,­J,HuDeYi@teleworm.us,10/19/1984
622,Mrs.,¹Å¬Â,¨H,TanJiaLing@superrito.com,11/28/1985
623,Mr.,¹Å¼ü,¤¨,YinJiaYing@superrito.com,4/29/1934
624,Mr.,«äÍ·,¤ò,MaoSaiWei@rhyta.com,9/4/1943
625,Mrs.,¸Ö´@,¸ë,GuShiTing@jourrapide.com,5/27/1939
626,Mr.,²QµØ,Ä¬,SuChuHua@armyspy.com,1/25/1997
627,Ms.,²Q´f,­S,FanChuHui@fleckens.hu,11/1/1987
628,Ms.,ÀR©y,ªò,ShaoJingYi@jourrapide.com,1/17/1986
629,Mr.,¬F°ê,µ{,ChengZhengGuo@cuvox.de,12/3/1981
630,Mr.,­N¶©,¾¤,LiYinLong@cuvox.de,6/9/1966
631,Mr.,¶ÔÂ`,­J,HuQinYao@cuvox.de,10/8/1993
632,Dr.,¶®¾Ð,¹ù,LiaoYaYi@teleworm.us,10/1/1933
633,Mr.,µúµ¶,¿½,XiaoYongNa@gustr.com,5/16/1975
634,Mr.,¶®¤å,®L,JiaYaWen@einrot.com,5/18/1980
635,Mr.,«äÍ·,­S,FanSaiWei@teleworm.us,11/10/1948
636,Mr.,ªv¥­,¼ï,PanYiPing@jourrapide.com,9/20/1984
637,Mr.,¤å«Ò,¥Ð,TianWenDi@dayrep.com,1/11/1963
638,Dr.,§µ·O,¹Q,JuXiaoCi@cuvox.de,3/7/1972
639,Ms.,®ÑÜö,°q,ShiShuMei@einrot.com,6/19/1955
640,Mr.,­õ´­,¥v,ShiZheYang@gustr.com,11/1/1995
641,Mr.,©¨¿Ä,«À,YaoYueRong@rhyta.com,1/14/1958
642,Mr.,¸tµx,³Å,FuShengYan@rhyta.com,6/9/1955
643,Mr.,­Y¤Z,©P,ZhouReFan@teleworm.us,2/21/1960
644,Mrs.,®Ë·ì,­Ù,NiYanYu@rhyta.com,4/21/1982
645,Mr.,¶®¾Ð,½±,JiangYaYi@cuvox.de,11/24/1969
646,Mrs.,Ðw§t,½±,JiangSiHan@gustr.com,12/4/1991
647,Mr.,´Ñ¯ú,¸­,SheJiMing@armyspy.com,4/27/1985
648,Mr.,²»°a,¤¨,YinXiangJian@jourrapide.com,1/17/1987
649,Mr.,®aÞ³,­S,FanGuWei@rhyta.com,2/20/1996
650,Ms.,»¨è®,ªò,ShaoHaoPei@superrito.com,12/24/1984
651,Mr.,«Â§Ê,­J,HuWeiTing@dayrep.com,3/21/1968
652,Ms.,¶®´f,¸U,WanYaHui@jourrapide.com,12/17/1951
653,Mrs.,¶®¼z,ÀF,YanYaHui@cuvox.de,6/1/1972
654,Mr.,©É¦|,»¯,DiaoYiFan@superrito.com,4/15/1961
655,Dr.,§Ó§»,§E,XuZhiHong@dayrep.com,4/19/1941
656,Ms.,®aÓ},³°,LiuGuXi@superrito.com,12/19/1982
657,Mrs.,¨Î¼z,·¨,YangJiaHui@einrot.com,10/28/1939
658,Mr.,¥@¤@,¯³,QinShiYi@armyspy.com,11/2/1951
659,Mr.,¹Å¼ü,¯³,QinJiaYing@jourrapide.com,2/18/1983
660,Mr.,«Â¥ô,°¨,MaWeiRen@teleworm.us,9/19/1961
661,Mr.,®aÞ³,ºµ,XiongGuWei@cuvox.de,2/5/1952
662,Mr.,ªvªN,ÁÂ,XieYiJie@einrot.com,2/18/1957
663,Ms.,²Q¯ø,´¿,ZengChuRu@superrito.com,4/24/1933
664,Mrs.,ºû«F,§E,XuYiTing@superrito.com,10/28/1939
665,Mrs.,¶®µ®,Á§,XieYaZhu@jourrapide.com,9/22/1995
666,Mr.,Þ³,§õ,LiWei@teleworm.us,7/14/1955
667,Mr.,¦éµØ,«¸,JiangQianHua@teleworm.us,12/4/1984
668,Mrs.,®Ê°ß,°¨,MaJinWei@einrot.com,8/25/1996
669,Ms.,ªY©É,¤û,NiuXinYi@gustr.com,9/22/1955
670,Ms.,¬Õ§¡,¬x,HongYingYun@teleworm.us,3/24/1954
671,Mrs.,©{§±,¿c,LuYuanYu@fleckens.hu,8/30/1981
672,Mr.,´I«¶,¸ë,GuFuKui@einrot.com,8/27/1934
673,Mr.,²»²`,°K,YuanXiangShen@superrito.com,7/20/1997
674,Ms.,¨Ø§g,²Å,FuPeiJun@fleckens.hu,2/15/1955
675,Mr.,«H§»,¶À,HuangShenHong@cuvox.de,10/15/1957
676,Mrs.,µHµX,½²,CaBeiQi@superrito.com,8/18/1989
677,Ms.,²Q®S,ÄY,YanChuJuan@rhyta.com,1/23/1936
678,Ms.,´f¶²,¾¤,LiHuiWen@superrito.com,5/10/1940
679,Mrs.,­i§¡,Êe,SheGongYun@gustr.com,4/3/1989
680,Mr.,¦éµØ,±ä,CaoQianHua@jourrapide.com,3/10/1986
681,Ms.,¨ÎªÚ,¿½,XiaoJiaFang@jourrapide.com,3/15/1968
682,Mr.,©v¿«,¥Ð,TianZongHan@einrot.com,9/19/1938
683,Mr.,´I«¶,¤ý,WangFuKui@fleckens.hu,5/9/1943
684,Mr.,¬R§Ó,¬q,DuanYiZhi@einrot.com,5/6/1960
685,Mrs.,®Ë·ì,¸ô,LuoYanYu@einrot.com,6/22/1988
686,Mr.,«aÀM,ÁÂ,XieGuanLin@teleworm.us,3/15/1931
687,Mrs.,¨Ø¶²,¬x,HongPeiWen@rhyta.com,5/30/1992
688,Dr.,Ðw§t,¤è,WangSiHan@teleworm.us,8/4/1968
689,Mr.,§ÓÚ®,®L,JiaZhiShe@gustr.com,11/24/1939
690,Ms.,Ú{´@,´^,PengWanTing@jourrapide.com,1/23/1937
691,Mr.,¶hµØ,­³,HuiYiHua@armyspy.com,5/26/1966
692,Ms.,®aÓ},ÄY,YanGuXi@armyspy.com,3/22/1938
693,Ms.,´f¶²,ÁÂ,XieHuiWen@superrito.com,1/13/1936
694,Mrs.,¨Ì´@,µ{,ChengYiTing@jourrapide.com,9/15/1978
695,Ms.,¨Ø¶²,½±,JiangPeiWen@gustr.com,4/14/1952
696,Mr.,°¶¹a,´^,PengWeiLing@armyspy.com,8/26/1956
697,Mr.,´I«¶,¨L,HongFuKui@einrot.com,5/11/1933
698,Ms.,²Q¼z,¨H,TanChuHui@rhyta.com,12/17/1985
699,Mrs.,Ú{´@,¬I,YiWanTing@jourrapide.com,10/27/1968
700,Mrs.,ñü¦¶,§õ,LiYanShu@jourrapide.com,3/5/1987
701,Ms.,©É¸©,Á§,XieYiXuan@jourrapide.com,6/19/1996
702,Mr.,¨Î¾ì,¿c,LuJiaHua@cuvox.de,8/20/1983
703,Mr.,§Ó§»,¤û,NiuZhiHong@gustr.com,10/23/1944
704,Mr.,¤Sºö,±Z,CuiYouYi@superrito.com,5/24/1959
705,Ms.,¸ÖÔÐ,¥Û,DanShiJie@superrito.com,12/7/1931
706,Ms.,§µ·O,Á§,XieXiaoCi@fleckens.hu,5/30/1974
707,Mrs.,­§¶²,¸ô,LuoYuWen@einrot.com,11/10/1995
708,Mr.,ÄË°í,¤¨,YinTengJian@cuvox.de,3/22/1962
709,Ms.,ñü¦¶,³°,LiuYanShu@rhyta.com,5/9/1947
710,Mr.,±Ò·~,©P,ZhouZheYe@jourrapide.com,6/17/1979
711,Mrs.,¶®µ×,¦¿,JiangYaJing@cuvox.de,4/3/1979
712,Mrs.,¶®¼z,ÃÓ,TanYaHui@teleworm.us,4/28/1989
713,Mr.,²QµØ,²Å,FuChuHua@fleckens.hu,6/25/1933
714,Mr.,¬Õ§¶,ÅÇ,GongYingZi@superrito.com,10/17/1973
715,Mrs.,´f¦p,²Å,FuHuiRu@superrito.com,11/29/1983
716,Ms.,¶®¸©,¥Ð,TianYaXuan@teleworm.us,12/28/1975
717,Ms.,®aÓ},¤ò,MaoGuXi@gustr.com,12/31/1976
718,Mr.,©À¥­,¤ý,WangNianPing@einrot.com,7/5/1992
719,Mr.,±Ó´¼,¤B,ZhengMinZhi@gustr.com,6/23/1945
720,Mrs.,§µ·O,°q,ShiXiaoCi@dayrep.com,8/8/1962
721,Mr.,°¶§Ê,ªZ,WuWeiTing@jourrapide.com,10/13/1934
722,Mr.,ÄË°í,¸ë,GuTengJian@jourrapide.com,9/30/1976
723,Mrs.,°û´@,®},XuWanTing@teleworm.us,4/24/1936
724,Mrs.,ÀA½«,¬q,DuanJinYu@rhyta.com,5/8/1946
725,Mr.,±Ó´¼,¯³,QinMinZhi@jourrapide.com,3/11/1933
726,Mr.,«Û¥Á,¥ô,RenYanMin@rhyta.com,11/14/1952
727,Dr.,¸Ö´@,À¹,DaiShiTing@armyspy.com,6/13/1952
728,Ms.,Ú{´@,¥v,ShiWanTing@gustr.com,5/10/1958
729,Mr.,©¨¿Ä,²ø,ZhuangYueRong@dayrep.com,4/23/1991
730,Mr.,©Ó®p,¤û,NiuZhengFeng@einrot.com,12/4/1951
731,Mr.,¤d¼ü,¬q,DuanQianYing@rhyta.com,9/14/1935
732,Mr.,³ó¼e,³°,LiuYaoKuan@einrot.com,6/15/1941
733,Mrs.,¬Õ§¡,·¨,YangYingYun@cuvox.de,11/2/1970
734,Ms.,¶®¶²,¼B,FuYaWen@superrito.com,4/3/1994
735,Mr.,¶®¾Ð,§º,SongYaYi@gustr.com,9/18/1996
736,Mr.,¤¯´I,©P,ZhouRenFu@dayrep.com,1/16/1960
737,Mr.,°a»Ê,Ã¹,LuoJianMing@superrito.com,4/23/1965
738,Mr.,¤_ºÕ,¦¶,ShuXuZheng@gustr.com,1/14/1994
739,Ms.,¯\Þ±,°K,YuanPeiXuan@cuvox.de,4/28/1967
740,Mr.,§B¿Î,¨H,TanBaYan@cuvox.de,1/2/1972
741,Mr.,Þ³,¬I,YiWei@teleworm.us,5/15/1996
742,Mr.,®È¬P,³¢,GuoLuXing@jourrapide.com,4/4/1957
743,Mrs.,¿¢¸©,Áú,HanYingXuan@cuvox.de,12/25/1944
744,Mrs.,¨Î¼z,³\,HuJiaHui@jourrapide.com,11/16/1953
745,Ms.,¬ü¬Â,½²,CaMeiLing@superrito.com,10/14/1992
746,Ms.,·ÅÄÉ,¥v,ShiWenXing@fleckens.hu,6/8/1979
747,Mr.,ÞL»ö,±Z,CuiQinYi@rhyta.com,11/8/1967
748,Ms.,¨Ø¬À,¹Q,JuPeiShan@rhyta.com,8/27/1952
749,Dr.,¬Õ§¶,Ã¹,LuoYingZi@einrot.com,5/10/1968
750,Ms.,¾å§Í,§f,LuXiaoTong@einrot.com,9/16/1982
751,Mr.,©É¿Ë,®],XunYiXin@rhyta.com,12/19/1989
752,Mr.,¦Ð°a,­Ù,NiHuJian@jourrapide.com,11/24/1975
753,Mr.,¨Ê¾ì,ÄY,YanJingHua@superrito.com,3/23/1932
754,Ms.,©{»T,ºµ,XiongYuanRong@dayrep.com,8/10/1942
755,Ms.,©y§g,°q,ShiYiJun@cuvox.de,1/10/1976
756,Mr.,«Û¥Á,²ø,ZhuangYanMin@superrito.com,5/26/1986
757,Mrs.,¨Ø»T,¾G,ZhengPeiRong@einrot.com,1/25/1993
758,Mr.,²ø©P,§d,WuZhuangZhou@einrot.com,11/27/1963
759,Mr.,³ó¼e,¥Õ,BoYaoKuan@dayrep.com,2/23/1958
760,Ms.,§µ·O,ÃÓ,TanXiaoCi@dayrep.com,4/28/1974
761,Mr.,¶hµØ,ª÷,JinYiHua@gustr.com,10/20/1936
762,Mr.,Ã£¤§,­S,FanXuanZhi@rhyta.com,3/14/1976
763,Mrs.,¶®´f,¹Q,JuYaHui@gustr.com,12/15/1947
764,Mr.,¶©¦ç,ÄY,YanLongYi@fleckens.hu,7/29/1961
765,Mr.,³Õ±f,ÅU,GuBoShu@jourrapide.com,7/10/1966
766,Mrs.,²Q¼z,­S,FanChuHui@einrot.com,7/18/1993
767,Ms.,¨Î¬Â,³¢,GuoJiaLing@fleckens.hu,5/22/1940
768,Mrs.,ÜöµM,ÅÇ,GongMeiRan@cuvox.de,1/29/1986
769,Ms.,¨°ªµ,§f,LuChenYue@armyspy.com,12/1/1977
770,Mrs.,¤¤Á¨,¥Û,DanZhongWei@einrot.com,5/2/1973
771,Mrs.,­§¶²,°q,ShiYuWen@superrito.com,2/10/1942
772,Mr.,¦éµØ,¿ú,JianQianHua@jourrapide.com,11/1/1980
773,Mr.,«Â§Ê,¦¿,JiangWeiTing@rhyta.com,5/11/1958
774,Mr.,±s»ú,¦¶,ShuYaNong@gustr.com,4/3/1971
775,Mr.,¶hµØ,ÅÇ,GongYiHua@superrito.com,11/29/1931
776,Mrs.,¶®´@,ªô,QiuYaTing@armyspy.com,12/1/1958
777,Mrs.,¶®¸©,±d,KangYaXuan@dayrep.com,7/3/1968
778,Mrs.,¬fèû,¸ë,GuBoRui@jourrapide.com,5/13/1962
779,Mr.,¨Î¿o,³Å,FuJiaYing@teleworm.us,8/21/1961
780,Ms.,¨Î¼z,¿à,LaiJiaHui@teleworm.us,2/10/1980
781,Ms.,©É¸©,¸ô,LuoYiXuan@fleckens.hu,10/20/1974
782,Mr.,Þ³,µ{,ChengWei@dayrep.com,9/13/1934
783,Mrs.,ºÍ­Å,¿à,LaiRuiQing@dayrep.com,7/12/1936
784,Mr.,­Y¤Z,©s,MengReFan@einrot.com,7/26/1954
785,Mr.,°o,«¸,JiangYong@dayrep.com,9/30/1964
786,Mr.,§ÓÚ®,±ç,LiangZhiShe@gustr.com,4/27/1957
787,Ms.,¥O©y,¶¾,PingLingYi@armyspy.com,7/28/1973
788,Mr.,«ä¿o,¤ò,MaoSaiYing@fleckens.hu,3/14/1948
789,Mr.,®xºÓ,Áé,ZhongTingShi@cuvox.de,7/2/1943
790,Mrs.,¨|¬î,¹Q,JuYoQiu@cuvox.de,3/20/1993
791,Mr.,­N¶©,ª÷,JinYinLong@einrot.com,5/30/1991
792,Dr.,§g¦p,§f,LuJunRu@gustr.com,12/16/1937
793,Mrs.,®Ë·ì,°¨,MaYanYu@gustr.com,3/3/1969
794,Dr.,²Q¬Â,¸ô,LuoChuLing@teleworm.us,6/26/1933
795,Mrs.,ÀA½«,¥Õ,BoJinYu@fleckens.hu,10/2/1948
796,Mr.,«\´´,§E,XuShuFei@teleworm.us,11/5/1937
797,Mr.,«Â§Ê,¸³,ZhongWeiTing@rhyta.com,1/31/1974
798,Ms.,ñü´@,¬I,YiYanTing@rhyta.com,3/9/1962
799,Mrs.,«º§g,§d,WuZiJun@cuvox.de,4/26/1978
800,Mrs.,°û´@,¨L,HongWanTing@superrito.com,9/14/1935
801,Ms.,à±´@,ÅÇ,GongYuTing@fleckens.hu,1/17/1944
802,Ms.,ÂE¹Å,´^,PengHongJia@teleworm.us,2/6/1995
803,Ms.,©{»T,§ù,DuYuanRong@teleworm.us,8/1/1992
804,Ms.,ºû«F,Ã¹,LuoYiTing@gustr.com,3/30/1933
805,Mrs.,²Q´f,ÅU,GuChuHui@fleckens.hu,10/27/1969
806,Mr.,ªv¥­,¸³,ZhongYiPing@einrot.com,7/12/1931
807,Mrs.,¶®µÓ,´¿,ZengYaPing@teleworm.us,3/17/1942
808,Mr.,«a¦t,Ä¬,SuGuanYu@gustr.com,9/22/1939
809,Mr.,ªv¥­,§E,XuYiPing@jourrapide.com,4/15/1976
810,Mr.,¥@¤@,°¨,MaShiYi@rhyta.com,1/17/1970
811,Mr.,¤å«Ò,À¹,DaiWenDi@superrito.com,5/23/1935
812,Mr.,¨Î¿o,²Å,FuJiaYing@cuvox.de,11/21/1978
813,Mr.,®aºö,«¸,JiangGuYi@jourrapide.com,1/5/1968
814,Ms.,¨Ø¶²,«¸,JiangPeiWen@armyspy.com,2/14/1967
815,Mr.,±Ò·~,¸ë,GuZheYe@cuvox.de,4/15/1939
816,Mr.,·R´P,·¨,YangAiLan@einrot.com,10/31/1994
817,Mr.,¨Ê¾ì,®L,JiaJingHua@superrito.com,3/13/1959
818,Mr.,Á¨­Û,«¸,JiangWeiLun@armyspy.com,4/29/1960
819,Ms.,²Ð¸©,®],XunChaoXuan@armyspy.com,3/19/1990
820,Mr.,§ÓÚ®,·¨,YangZhiShe@jourrapide.com,7/1/1965
821,Mr.,²Q­s,¤ý,WangChuZhen@dayrep.com,9/11/1946
822,Mr.,µÏ¤å,¥ô,RenShunWen@gustr.com,9/13/1944
823,Ms.,¸Ö´@,­ð,TangShiTing@jourrapide.com,5/16/1935
824,Mr.,Îô±[,³¯,ZhenBingLun@gustr.com,11/5/1990
825,Mr.,²QµØ,«¸,JiangChuHua@jourrapide.com,12/18/1982
826,Mrs.,·¶®x,°K,YuanYuTing@fleckens.hu,6/16/1972
827,Mr.,¥ß©Ó,½²,CaWeiZheng@dayrep.com,10/13/1979
828,Mrs.,¼z§g,±`,ChangHuiJun@fleckens.hu,6/15/1981
829,Ms.,´@´@,­J,HuTingTing@armyspy.com,6/7/1993
830,Mr.,¶®®¦,´^,PengYaEn@fleckens.hu,7/9/1958
831,Ms.,ºû«F,¤ý,WangYiTing@dayrep.com,12/11/1980
832,Mr.,µÏ¤å,«J,HouShunWen@armyspy.com,1/18/1934
833,Ms.,¼z§g,§d,WuHuiJun@fleckens.hu,2/3/1990
834,Mr.,¤lµq,¶À,HuangZiHui@fleckens.hu,11/14/1953
835,Mr.,µÏ¤å,­S,FanShunWen@cuvox.de,7/9/1944
836,Mrs.,¨Ø©y,ªL,LinPeiYi@teleworm.us,10/23/1939
837,Mr.,¶T©÷,·¨,YangMaoChang@dayrep.com,3/12/1973
838,Ms.,¨Ì¬À,ºµ,XiongYiShan@armyspy.com,10/18/1989
839,Mrs.,ñü¦¶,²Å,FuYanShu@einrot.com,10/19/1934
840,Mr.,¬F§»,°K,YuanZhengHong@superrito.com,9/20/1938
841,Mr.,¬F°ê,¬q,DuanZhengGuo@teleworm.us,10/23/1944
842,Mrs.,©y®x,ªL,LinYiTing@armyspy.com,1/25/1951
843,Mr.,±Ó´¼,ÃÓ,TanMinZhi@gustr.com,1/21/1964
844,Mr.,¹t³Ç,²Å,FuJingJie@gustr.com,5/9/1968
845,Mrs.,ÀR©É,¸³,ZhongJingYi@dayrep.com,11/17/1971
846,Mr.,§Ó°¶,¥Õ,BoZhiWei@jourrapide.com,7/8/1964
847,Ms.,¤lÝõ,³\,HuZiXin@cuvox.de,7/15/1988
848,Mr.,¬Õ§¶,¤Õ,KongYingZi@teleworm.us,5/23/1960
849,Mr.,«aÀM,­S,FanGuanLin@gustr.com,5/14/1997
850,Mr.,«äÍ·,¬I,YiSaiWei@armyspy.com,11/29/1980
851,Mrs.,¨Ø¬À,§f,LuPeiShan@rhyta.com,2/24/1933
852,Ms.,Þ³´@,ÃÓ,TanWeiTing@einrot.com,2/19/1938
853,Mr.,¤å«Ò,¹p,LeiWenDi@gustr.com,3/8/1965
854,Ms.,¬M±ö,¦¶,ShuYingMei@rhyta.com,4/15/1936
855,Ms.,¹Å¬Â,¤è,WangJiaLing@superrito.com,6/14/1934
856,Mrs.,ÂE¹Å,¨H,TanHongJia@teleworm.us,5/30/1948
857,Mr.,«T§»,ªô,QiuJunHong@dayrep.com,3/1/1946
858,Ms.,»¨è®,¤ý,WangHaoPei@fleckens.hu,3/11/1941
859,Mr.,µÏ¤å,®},XuShunWen@einrot.com,8/23/1970
860,Ms.,­i§¡,¼ï,PanGongYun@gustr.com,9/1/1983
861,Ms.,¶®´@,Às,MangYaTing@jourrapide.com,2/2/1947
862,Mr.,¥O¨Ô,±`,ChangLingKan@einrot.com,7/29/1977
863,Mr.,«H§»,¸ô,LuoShenHong@fleckens.hu,10/1/1971
864,Mrs.,¼z§g,µ{,ChengHuiJun@dayrep.com,2/18/1956
865,Mrs.,©{»T,¶À,HuangYuanRong@teleworm.us,10/9/1947
866,Mrs.,¾§¥É,§E,XuRuYu@jourrapide.com,12/11/1974
867,Mrs.,¿¢¸©,­S,FanYingXuan@armyspy.com,4/28/1958
868,Mr.,«a§Ê,¼ï,PanGuanTing@superrito.com,6/24/1935
869,Mr.,«T½å,¦¶,ShuJunXian@fleckens.hu,8/14/1963
870,Mr.,§Ó°¶,³Á,MaiZhiWei@armyspy.com,7/12/1964
871,Mr.,¬Õ§¶,±Z,CuiYingZi@teleworm.us,8/30/1993
872,Ms.,­§´@,¸U,WanYuTing@rhyta.com,12/15/1966
873,Mr.,¹Fºû,¾G,ZhengTiYi@einrot.com,7/26/1955
874,Mr.,±Ó´¼,³¢,GuoMinZhi@armyspy.com,4/18/1933
875,Ms.,²Q®S,¼B,FuChuJuan@dayrep.com,5/5/1988
876,Mrs.,¤å§g,Êe,SheWenJun@armyspy.com,7/25/1947
877,Mr.,©À¥­,¨L,HongNianPing@dayrep.com,12/3/1960
878,Mr.,®È¬P,¤¨,YinLuXing@gustr.com,5/25/1935
879,Ms.,¶®´f,²ø,ZhuangYaHui@fleckens.hu,7/22/1996
880,Mrs.,¶®µX,³\,HuYaQi@einrot.com,9/14/1993
881,Ms.,©É§g,¸ë,GuYiJun@teleworm.us,11/27/1970
882,Ms.,¨|¹Å,¿c,LuYoJia@teleworm.us,9/10/1941
883,Mr.,·Ôº_,¿à,LaiYuRong@gustr.com,8/31/1934
884,Mrs.,¯\Þ±,¤B,ZhengPeiXuan@jourrapide.com,7/19/1970
885,Ms.,ÜöµM,ÀF,YanMeiRan@dayrep.com,8/1/1936
886,Mrs.,¨|¬î,¦ó,HeYoQiu@einrot.com,5/10/1978
887,Mrs.,¶®¼z,ÅÇ,GongYaHui@rhyta.com,4/21/1942
888,Dr.,¤ß©É,¤è,WangXinYi@jourrapide.com,4/21/1965
889,Mrs.,«í·O,±ç,LiangHengCi@armyspy.com,10/5/1934
890,Mrs.,¸Ö²E,¬q,DuanShiZhun@superrito.com,11/20/1958
891,Mr.,±Ó´¼,Áé,ZhongMinZhi@fleckens.hu,10/13/1943
892,Ms.,ßN²[,ÁÂ,XieXiaoHan@cuvox.de,11/9/1989
893,Mrs.,·¶®x,ºµ,XiongYuTing@einrot.com,10/12/1989
894,Mrs.,¤lÝõ,ªô,QiuZiXin@armyspy.com,2/12/1962
895,Mr.,®a»Ê,Ã¹,LuoGuMing@armyspy.com,4/11/1993
896,Mrs.,¨Î»T,±d,KangJiaRong@teleworm.us,6/3/1961
897,Ms.,¸Ö²E,µ{,ChengShiZhun@jourrapide.com,4/16/1980
898,Mrs.,¨ÎªÚ,·¨,YangJiaFang@superrito.com,12/17/1979
899,Mr.,Îô±[,³Á,MaiBingLun@dayrep.com,2/13/1968
900,Mr.,«T§»,¬I,YiJunHong@fleckens.hu,9/21/1995
901,Ms.,«í·O,ÅU,GuHengCi@jourrapide.com,8/15/1935
902,Mr.,¬F°ê,¨L,HongZhengGuo@rhyta.com,9/7/1975
903,Mr.,²E¬R,ª÷,JinZhunYi@rhyta.com,9/14/1950
904,Mr.,«T½å,­J,HuJunXian@cuvox.de,1/18/1985
905,Mr.,«º¼ü,°ª,GaoZiYing@gustr.com,9/11/1946
906,Mr.,³ó¼e,¤¨,YinYaoKuan@teleworm.us,12/2/1967
907,Ms.,¾§¥É,±i,ZhangRuYu@dayrep.com,11/18/1980
908,Ms.,­§´@,´^,PengYuTing@jourrapide.com,6/27/1958
909,Mr.,±Ò§Ç,¸¯,GeZheXu@jourrapide.com,11/12/1996
910,Mrs.,®Ë·ì,³Å,FuYanYu@superrito.com,8/14/1988
911,Ms.,¨Ø¶²,±ç,LiangPeiWen@cuvox.de,11/5/1989
912,Mr.,«Û¿O,½²,CaYanDeng@armyspy.com,8/15/1988
913,Mrs.,­§¶²,ªò,ShaoYuWen@fleckens.hu,8/19/1955
914,Mrs.,ÃL¦Ð,±Z,CuiBiHu@rhyta.com,1/23/1954
915,Dr.,¨Ø§g,¥ô,RenPeiJun@cuvox.de,5/7/1971
916,Mr.,«ä¿o,ÅÇ,GongSaiYing@jourrapide.com,1/14/1971
917,Mrs.,ßN²[,¤_,XuXiaoHan@armyspy.com,12/6/1930
918,Mr.,²ø©P,¿½,XiaoZhuangZhou@armyspy.com,8/12/1952
919,Mr.,ÄË°í,´^,PengTengJian@teleworm.us,7/13/1935
920,Mr.,¹Å¼ü,§õ,LiJiaYing@gustr.com,11/16/1943
921,Mrs.,ºÍ­Å,³³,YaoRuiQing@dayrep.com,8/3/1962
922,Mrs.,¶®¶²,¸ô,LuoYaWen@teleworm.us,12/29/1973
923,Mr.,¬Õ§¶,®],XunYingZi@gustr.com,9/10/1933
924,Mrs.,·ÅÄÉ,³°,LiuWenXing@fleckens.hu,6/7/1984
925,Ms.,©É¦p,¿ú,JianYiRu@cuvox.de,1/22/1947
926,Mr.,¹Fºû,¨H,TanTiYi@cuvox.de,6/10/1960
927,Ms.,¤l¸©,¾G,ZhengZiXuan@teleworm.us,1/26/1957
928,Mr.,¤lµq,°K,YuanZiHui@cuvox.de,1/29/1939
929,Mr.,®¶µ¾,¶À,HuangZhenXiang@superrito.com,8/5/1950
930,Mr.,«aÀM,§E,XuGuanLin@armyspy.com,8/1/1962
931,Mrs.,¶®µX,­Ù,NiYaQi@teleworm.us,12/14/1970
932,Mrs.,¤_­Å,¨L,HongXuQing@rhyta.com,8/11/1959
933,Ms.,ÀA½«,¯³,QinJinYu@gustr.com,5/27/1957
934,Mrs.,©y§g,¾H,DengYiJun@einrot.com,9/21/1973
935,Mr.,«Ø°ê,Á§,XieJianGuo@fleckens.hu,4/25/1945
936,Ms.,´f¶²,¶P,HeHuiWen@jourrapide.com,6/10/1974
937,Mr.,°a»Ê,Á§,XieJianMing@rhyta.com,4/12/1957
938,Ms.,°û´@,¥v,ShiWanTing@armyspy.com,11/20/1952
939,Ms.,´f¶²,¸U,WanHuiWen@gustr.com,10/21/1985
940,Mr.,«aÀM,±Z,CuiGuanLin@superrito.com,7/18/1966
941,Mr.,¨|¼w,³³,YaoYoDe@fleckens.hu,12/31/1931
942,Mr.,©¨¿Ä,®L,JiaYueRong@dayrep.com,6/14/1946
943,Mr.,¤Sºö,ªZ,WuYouYi@einrot.com,12/31/1961
944,Mrs.,¥©ªY,Ã¹,LuoQiaoXin@armyspy.com,7/5/1980
945,Mr.,©Ó°a,¨·,GengZhengJian@cuvox.de,3/16/1991
946,Mr.,¬Õ§¶,«¸,JiangYingZi@rhyta.com,5/31/1974
947,Mr.,·q³ó,³³,YaoJingYao@cuvox.de,9/6/1939
948,Mr.,©ÉÅï,ºµ,XiongYiLin@teleworm.us,2/25/1976
949,Mr.,®¶µ¾,Á§,XieZhenXiang@gustr.com,8/2/1992
950,Dr.,²»²`,Êe,SheXiangShen@rhyta.com,12/13/1959
951,Mr.,¨Î¿o,¿à,LaiJiaYing@armyspy.com,7/19/1954
952,Mr.,®aºö,¦ó,HeGuYi@armyspy.com,10/1/1989
953,Ms.,©É´@,Áú,HanYiTing@dayrep.com,1/31/1979
954,Mr.,°a»Ê,¤ò,MaoJianMing@einrot.com,6/13/1960
955,Mr.,§Ó»¨,¨L,HongZhiHao@dayrep.com,5/24/1956
956,Mr.,°ê¦w,¤¨,YinGuoAn@armyspy.com,9/17/1977
957,Mr.,¶®¤å,®L,JiaYaWen@teleworm.us,5/24/1962
958,Mr.,·Ôº_,»¯,DiaoYuRong@dayrep.com,12/16/1984
959,Mr.,­õÞ³,À¹,DaiZheWei@cuvox.de,11/26/1967
960,Mrs.,¬M±ö,¤B,ZhengYingMei@superrito.com,11/5/1944
961,Mrs.,ªY©É,´¿,ZengXinYi@gustr.com,5/3/1945
962,Ms.,·ÅÄÉ,«À,YaoWenXing@superrito.com,8/6/1953
963,Mr.,§Ó°¶,¾¤,LiZhiWei@superrito.com,5/6/1950
964,Mr.,´Ñ¯ú,ÃÓ,TanJiMing@einrot.com,9/11/1944
965,Ms.,°û´@,¹ù,LiaoWanTing@teleworm.us,8/9/1951
966,Mr.,«a¦t,±d,KangGuanYu@superrito.com,3/3/1957
967,Mrs.,¤ß©É,¬I,YiXinYi@einrot.com,5/6/1942
968,Ms.,ñü¦¶,­S,FanYanShu@jourrapide.com,3/27/1971
969,Mrs.,¨Ø©y,ÃQ,WeiPeiYi@armyspy.com,12/25/1958
970,Mr.,«T§»,¹ù,LiaoJunHong@dayrep.com,3/30/1983
971,Mr.,©Ó¿«,´¿,ZengZhengHan@teleworm.us,10/15/1990
972,Mr.,·Ôº_,§f,LuYuRong@gustr.com,2/20/1937
973,Ms.,¨Ø§g,«À,YaoPeiJun@jourrapide.com,8/20/1989
974,Mr.,³ó¼e,­³,HuiYaoKuan@einrot.com,3/27/1960
975,Mr.,®aºö,·¨,YangGuYi@fleckens.hu,9/25/1947
976,Ms.,²Q¯ø,¨H,TanChuRu@superrito.com,8/24/1943
977,Ms.,¶®¸©,«J,HouYaXuan@teleworm.us,9/14/1968
978,Mrs.,«º§u,¸ô,LuoZiYin@armyspy.com,6/26/1993
979,Mr.,¬f¿«,·¨,YangBoHan@armyspy.com,7/2/1950
980,Mr.,¤d¼ü,¤_,XuQianYing@jourrapide.com,10/4/1956
981,Mr.,©À¥­,¦¶,ShuNianPing@armyspy.com,5/7/1938
982,Mr.,«º¼ü,¬x,HongZiYing@rhyta.com,5/31/1934
983,Mr.,µúµ¶,®L,JiaYongNa@teleworm.us,5/16/1945
984,Ms.,®aÓ},½±,JiangGuXi@fleckens.hu,7/21/1940
985,Mrs.,²Qªâ,Ã¹,LuoChuFen@jourrapide.com,5/8/1964
986,Mrs.,¨Î»T,¾G,ZhengJiaRong@rhyta.com,1/30/1969
987,Mr.,°¶§Ê,ªò,ShaoWeiTing@armyspy.com,9/15/1968
988,Mr.,µúµ¶,©P,ZhouYongNa@fleckens.hu,12/7/1946
989,Ms.,à±¯ø,ªò,ShaoYuRu@teleworm.us,3/27/1976
990,Mr.,¥ßÐp,ÃÓ,TanWeiBo@teleworm.us,11/29/1964
991,Mr.,ªvªN,¿ú,JianYiJie@teleworm.us,11/21/1971
992,Ms.,ºû«F,´¿,ZengYiTing@superrito.com,3/18/1995
993,Dr.,«Û¿O,³¯,ZhenYanDeng@armyspy.com,3/6/1982
994,Dr.,°o,¼B,FuYong@dayrep.com,2/23/1963
995,Mr.,Ã£¤§,¸¯,GeXuanZhi@einrot.com,9/20/1990
996,Ms.,¨Ø¶²,Áú,HanPeiWen@cuvox.de,9/30/1962
997,Mr.,§Ó§»,²Å,FuZhiHong@armyspy.com,9/14/1975
998,Mr.,®aÞ³,¦¿,JiangGuWei@armyspy.com,10/21/1941
999,Mr.,¥à®¦,«¸,JiangChengEn@superrito.com,3/31/1941
1000,Ms.,¯\Þ±,À¹,DaiPeiXuan@dayrep.com,10/17/1935
