2016/7/27,ChloeVaughan1025@gustr.com,4rfv5tgb,,               ,                  ,               ,created   ,0,1900/1/1
2016/7/27,ChristopherSkinner0127@teleworm.us,4rfv5tgb,,               ,                  ,               ,created   ,0,1900/1/1
2016/7/27,NicholasGoddard0316@einrot.com,4rfv5tgb,,               ,                  ,               ,created   ,0,1900/1/1
2016/7/27,SebastianFrench0129@dayrep.com,4rfv5tgb,,               ,                  ,               ,created   ,0,1900/1/1
2016/7/27,JordanGallagher0619@dayrep.com,4rfv5tgb,,               ,                  ,               ,created   ,0,1900/1/1
2016/7/27,JoshuaHancock0105@gustr.com,4rfv5tgb,,               ,                  ,               ,created   ,0,1900/1/1
2016/7/27,ZoeWood0718@superrito.com,4rfv5tgb,,               ,                  ,               ,created   ,0,1900/1/1
2016/7/27,LibbyDickinson0408@cuvox.de,4rfv5tgb,,               ,                  ,               ,created   ,0,1900/1/1
2016/7/27,NiamhBrooks0513@jourrapide.com,4rfv5tgb,,               ,                  ,               ,created   ,0,1900/1/1
2016/7/27,TomPugh0420@jourrapide.com,4rfv5tgb,,               ,                  ,               ,created   ,0,1900/1/1
2016/7/27,RyanAtkins0106@gustr.com,4rfv5tgb,,               ,                  ,               ,created   ,0,1900/1/1
2016/7/27,ThomasTownsend0209@armyspy.com,4rfv5tgb,,               ,                  ,               ,created   ,0,1900/1/1
